Client ID,MT4/MT5 ID,Trading Platform,Schema,Account Type,Signup Date,Verified,Activation Date,Qualification Date,Country,Campaign,Partner Code,Trader Brand,Referral Url,Auto Rebate Plan,CPA Comm.,Mobile App,TNCR
4988028,321449559,MT5,Lot Rebate,Standard - USD,02/10/2025,N,-,N/A,India,Default Trader Campaign,,XM Global,https://www.youtube.com,Default,-,N,N
90510786,351683301,MT5,Lot Rebate,Standard - USD,16/10/2025,N,-,N/A,India,Default Trader Campaign,P387D,XM Global,,Default,-,Y,N
91264661,351764210,MT5,Lot Rebate,Standard - USD,24/10/2025,Y,-,N/A,India,Default Trader Campaign,,XM Global,https://www.youtube.com,Default,-,N,N
91810193,314737760,MT5,Lot Rebate,Standard - USD,02/10/2025,Y,-,N/A,Oman,Default Trader Campaign,P387D,XM Global,,Default,-,N,N
320120869,321546842,MT5,Lot Rebate,Standard - USD,12/10/2025,Y,-,N/A,India,Default Trader Campaign,,XM Global,,Default,-,N,N
321059771,331672576,MT5,Lot Rebate,Standard - USD,30/10/2025,N,-,N/A,India,Default Trader Campaign,,XM Global,https://www.youtube.com,Default,-,N,N
321440057,321440057,MT5,Lot Rebate,Standard - USD,01/10/2025,Y,-,N/A,India,Default Trader Campaign,,XM Global,https://www.youtube.com,Default,-,N,Y
321440633,321440633,MT5,Lot Rebate,Standard - USD,01/10/2025,Y,13/10/2025,N/A,India,Default Trader Campaign,P387D,XM Global,,Default,-,N,Y
321440633,321564437,MT5,Lot Rebate,Standard - USD,13/10/2025,Y,-,N/A,India,Default Trader Campaign,,XM Global,https://www.youtube.com,Default,-,N,N
321442678,321442678,MT5,Lot Rebate,Standard - USD,01/10/2025,N,-,N/A,India,Default Trader Campaign,,XM Global,https://www.youtube.com,Default,-,N,N
321444642,321444642,MT5,Lot Rebate,Standard - USD,01/10/2025,Y,-,N/A,India,Default Trader Campaign,P387D,XM Global,,Default,-,N,Y
321444665,321444665,MT5,Lot Rebate,Standard - USD,01/10/2025,N,-,N/A,India,FTSXM,FTSFX,XM Global,,Default,-,N,Y
321444843,321444843,MT5,Lot Rebate,Standard - USD,01/10/2025,N,-,N/A,India,Default Trader Campaign,P387D,XM Global,,Default,-,Y,Y
321445668,321445668,MT5,Lot Rebate,Standard - USD,01/10/2025,Y,02/10/2025,N/A,India,Default Trader Campaign,,XM Global,https://www.youtube.com,Default,-,N,Y
321449453,321449453,MT5,Lot Rebate,Standard - USD,02/10/2025,N,-,N/A,India,Default Trader Campaign,,XM Global,,Default,-,N,N
321449938,321449938,MT5,Lot Rebate,Standard - USD,02/10/2025,N,-,N/A,India,Default Trader Campaign,,XM Global,https://bit.ly,Default,-,N,N
321450169,321450169,MT5,Lot Rebate,Standard - USD,02/10/2025,N,-,N/A,India,Default Trader Campaign,,XM Global,,Default,-,N,Y
321450675,321450675,MT5,Lot Rebate,Standard - USD,02/10/2025,N,-,N/A,India,Default Trader Campaign,P387D,XM Global,,Default,-,N,Y
321451217,321451217,MT5,Lot Rebate,Standard - USD,02/10/2025,Y,24/10/2025,N/A,India,Default Trader Campaign,P387D,XM Global,,Default,-,N,Y
321455173,321455173,MT5,Lot Rebate,Standard - USD,02/10/2025,Y,-,N/A,India,Default Trader Campaign,P387D,XM Global,,Default,-,Y,Y
321455754,53180771,MT4,Lot Rebate,Micro - USD,06/10/2025,Y,-,N/A,India,Default Trader Campaign,,XM Global,https://www.youtube.com,Default,-,N,N
321455754,321455754,MT5,Lot Rebate,Standard - USD,02/10/2025,Y,-,N/A,India,Default Trader Campaign,,XM Global,https://www.youtube.com,Default,-,N,Y
321456736,321456736,MT5,Lot Rebate,Standard - USD,03/10/2025,N,-,N/A,India,Default Trader Campaign,P387D,XM Global,,Default,-,N,Y
321457544,321457544,MT5,Lot Rebate,Standard - USD,03/10/2025,Y,-,N/A,India,Default Trader Campaign,,XM Global,https://www.youtube.com,Default,-,N,Y
321457553,321457553,MT5,Lot Rebate,Standard - USD,03/10/2025,N,-,N/A,India,Default Trader Campaign,,XM Global,https://www.youtube.com,Default,-,N,Y
321457553,351746652,MT5,Lot Rebate,Ultra Low Standard - USD,22/10/2025,N,-,N/A,India,Default Trader Campaign,,XM Global,https://www.youtube.com,Default,-,N,N
321457553,351762680,MT5,Lot Rebate,Micro - USD,24/10/2025,N,-,N/A,India,Default Trader Campaign,,XM Global,https://www.youtube.com,Default,-,N,N
321457759,321457759,MT5,Lot Rebate,Standard - USD,03/10/2025,N,-,N/A,India,Default Trader Campaign,,XM Global,https://www.youtube.com,Default,-,N,N
321459570,321459570,MT5,Lot Rebate,Standard - USD,03/10/2025,N,-,N/A,India,Default Trader Campaign,,XM Global,https://www.youtube.com,Default,-,N,N
321461722,321461722,MT5,Lot Rebate,Standard - USD,03/10/2025,Y,10/10/2025,N/A,India,Default Trader Campaign,P387D,XM Global,,Default,-,Y,Y
321462770,321462770,MT5,Lot Rebate,Standard - USD,03/10/2025,Y,-,N/A,India,Default Trader Campaign,P387D,XM Global,,Default,-,Y,Y
321464225,321464225,MT5,Lot Rebate,Standard - USD,03/10/2025,Y,08/11/2025,N/A,India,Default Trader Campaign,P387D,XM Global,,Default,-,Y,Y
321465788,321465788,MT5,Lot Rebate,Standard - USD,04/10/2025,N,-,N/A,India,Default Trader Campaign,,XM Global,,Default,-,N,N
321466581,321466581,MT5,Lot Rebate,Standard - USD,04/10/2025,Y,-,N/A,India,Default Trader Campaign,P387D,XM Global,,Default,-,Y,Y
321466718,321466718,MT5,Lot Rebate,Standard - USD,04/10/2025,Y,-,N/A,India,Default Trader Campaign,P387D,XM Global,,Default,-,N,Y
321466718,321471181,MT5,Lot Rebate,Ultra Low Standard - USD,04/10/2025,Y,-,N/A,India,Default Trader Campaign,P387D,XM Global,,Default,-,N,N
321467085,321467085,MT5,Lot Rebate,Standard - USD,04/10/2025,Y,-,N/A,India,Default Trader Campaign,,XM Global,,Default,-,N,Y
321468527,321468527,MT5,Lot Rebate,Standard - USD,04/10/2025,Y,07/10/2025,N/A,India,Default Trader Campaign,P387D,XM Global,,Default,-,N,Y
321468692,321468692,MT5,Lot Rebate,Standard - USD,04/10/2025,N,-,N/A,India,Default Trader Campaign,,XM Global,https://m.youtube.com,Default,-,N,N
321468750,321468750,MT5,Lot Rebate,Standard - USD,04/10/2025,N,-,N/A,India,Default Trader Campaign,P387D,XM Global,,Default,-,N,Y
321468847,321468847,MT5,Lot Rebate,Standard - USD,04/10/2025,Y,09/10/2025,N/A,India,Default Trader Campaign,,XM Global,https://www.youtube.com,Default,-,N,Y
321471953,321471953,MT5,Lot Rebate,Standard - USD,04/10/2025,Y,-,N/A,India,Default Trader Campaign,,XM Global,https://www.youtube.com,Default,-,N,Y
321472338,321472338,MT5,Lot Rebate,Standard - USD,04/10/2025,N,-,N/A,India,Default Trader Campaign,,XM Global,https://www.youtube.com,Default,-,N,Y
321472484,321472484,MT5,Lot Rebate,Standard - USD,04/10/2025,Y,05/11/2025,N/A,India,Default Trader Campaign,P387D,XM Global,,Default,-,N,Y
321472561,321472561,MT5,Lot Rebate,Standard - USD,04/10/2025,Y,-,N/A,India,Default Trader Campaign,P387D,XM Global,,Default,-,N,Y
321474168,321474168,MT5,Lot Rebate,Standard - USD,05/10/2025,Y,05/10/2025,N/A,India,Default Trader Campaign,P387D,XM Global,,Default,-,N,Y
321474952,321474952,MT5,Lot Rebate,Standard - USD,05/10/2025,Y,05/11/2025,N/A,India,Default Trader Campaign,,XM Global,https://bit.ly,Default,-,N,Y
321476780,321476780,MT5,Lot Rebate,Standard - USD,05/10/2025,Y,-,N/A,India,Default Trader Campaign,P387D,XM Global,,Default,-,Y,Y
321478238,321478238,MT5,Lot Rebate,Standard - USD,05/10/2025,N,-,N/A,India,Default Trader Campaign,,XM Global,,Default,-,N,N
321478257,321478257,MT5,Lot Rebate,Standard - USD,05/10/2025,N,-,N/A,India,Default Trader Campaign,P387D,XM Global,,Default,-,Y,N
321479723,321479723,MT5,Lot Rebate,Standard - USD,05/10/2025,N,-,N/A,India,Default Trader Campaign,P387D,XM Global,,Default,-,N,N
321480597,321480597,MT5,Lot Rebate,Standard - USD,05/10/2025,Y,-,N/A,India,Default Trader Campaign,,XM Global,https://www.youtube.com,Default,-,N,Y
321481271,321481271,MT5,Lot Rebate,Standard - USD,06/10/2025,Y,-,N/A,India,Default Trader Campaign,,XM Global,https://www.youtube.com,Default,-,N,Y
321481271,321491802,MT5,Lot Rebate,Micro - USD,07/10/2025,Y,08/10/2025,N/A,India,Default Trader Campaign,P387D,XM Global,,Default,-,N,N
321481271,321502437,MT5,Lot Rebate,Ultra Low Standard - USD,08/10/2025,Y,-,N/A,India,Default Trader Campaign,,XM Global,https://www.youtube.com,Default,-,N,N
321483219,321483219,MT5,Lot Rebate,Standard - USD,06/10/2025,Y,-,N/A,India,Default Trader Campaign,P387D,XM Global,,Default,-,N,Y
321485212,321485212,MT5,Lot Rebate,Standard - USD,06/10/2025,Y,-,N/A,India,Default Trader Campaign,,XM Global,https://www.youtube.com,Default,-,N,Y
321488281,321488281,MT5,Lot Rebate,Standard - USD,06/10/2025,N,-,N/A,India,Default Trader Campaign,P387D,XM Global,,Default,-,N,N
321488427,321488427,MT5,Lot Rebate,Standard - USD,06/10/2025,N,-,N/A,India,Default Trader Campaign,P387D,XM Global,,Default,-,N,Y
321489920,321489920,MT5,Lot Rebate,Standard - USD,06/10/2025,N,-,N/A,India,Default Trader Campaign,,XM Global,https://www.youtube.com,Default,-,N,Y
321490262,321490262,MT5,Lot Rebate,Standard - USD,06/10/2025,N,-,N/A,India,Default Trader Campaign,,XM Global,,Default,-,N,Y
321493248,321493248,MT5,Lot Rebate,Standard - USD,07/10/2025,Y,07/10/2025,N/A,India,Default Trader Campaign,P387D,XM Global,,Default,-,Y,Y
321493853,321493853,MT5,Lot Rebate,Standard - USD,07/10/2025,N,-,N/A,India,Default Trader Campaign,P387D,XM Global,,Default,-,Y,N
321495386,321495386,MT5,Lot Rebate,Standard - USD,07/10/2025,Y,10/10/2025,N/A,India,Default Trader Campaign,P387D,XM Global,,Default,-,Y,Y
321495937,321495937,MT5,Lot Rebate,Standard - USD,07/10/2025,Y,07/10/2025,N/A,India,Default Trader Campaign,P387D,XM Global,,Default,-,N,Y
321496318,321496318,MT5,Lot Rebate,Standard - USD,07/10/2025,Y,-,N/A,India,Default Trader Campaign,,XM Global,https://www.youtube.com,Default,-,N,Y
321496405,321496405,MT5,Lot Rebate,Standard - USD,07/10/2025,Y,07/10/2025,N/A,India,Default Trader Campaign,P387D,XM Global,,Default,-,N,Y
321496592,321496592,MT5,Lot Rebate,Standard - USD,07/10/2025,Y,-,N/A,India,Default Trader Campaign,,XM Global,https://bit.ly,Default,-,N,Y
321497472,321497472,MT5,Lot Rebate,Standard - USD,07/10/2025,N,-,N/A,India,Default Trader Campaign,P387D,XM Global,,Default,-,Y,N
321498104,321498104,MT5,Lot Rebate,Standard - USD,07/10/2025,Y,-,N/A,India,Default Trader Campaign,,XM Global,https://bit.ly,Default,-,N,Y
321498631,321498631,MT5,Lot Rebate,Standard - USD,07/10/2025,Y,-,N/A,India,Default Trader Campaign,P387D,XM Global,,Default,-,N,Y
321500140,321500140,MT5,Lot Rebate,Standard - USD,07/10/2025,N,-,N/A,India,Default Trader Campaign,,XM Global,https://www.youtube.com,Default,-,N,N
321502253,321502253,MT5,Lot Rebate,Standard - USD,08/10/2025,N,-,N/A,India,Default Trader Campaign,,XM Global,https://www.youtube.com,Default,-,N,Y
321502403,321502403,MT5,Lot Rebate,Standard - USD,08/10/2025,N,-,N/A,India,Default Trader Campaign,,XM Global,https://bit.ly,Default,-,N,Y
321505463,321505463,MT5,Lot Rebate,Standard - USD,08/10/2025,Y,10/10/2025,N/A,India,Default Trader Campaign,P387D,XM Global,,Default,-,N,Y
321505774,321505774,MT5,Lot Rebate,Standard - USD,08/10/2025,Y,-,N/A,India,Default Trader Campaign,P387D,XM Global,,Default,-,N,Y
321506626,321506626,MT5,Lot Rebate,Standard - USD,08/10/2025,N,-,N/A,India,FTSXM,FTSFX,XM Global,,Default,-,N,N
321507790,321507790,MT5,Lot Rebate,Standard - USD,08/10/2025,Y,-,N/A,India,Default Trader Campaign,,XM Global,https://www.youtube.com,Default,-,N,Y
321511892,321511892,MT5,Lot Rebate,Standard - USD,08/10/2025,Y,09/10/2025,N/A,India,Default Trader Campaign,P387D,XM Global,,Default,-,N,Y
321512476,321512476,MT5,Lot Rebate,Standard - USD,09/10/2025,N,-,N/A,India,Default Trader Campaign,,XM Global,https://bit.ly,Default,-,N,Y
321513196,321513196,MT5,Lot Rebate,Standard - USD,09/10/2025,N,-,N/A,India,Default Trader Campaign,P387D,XM Global,,Default,-,Y,Y
321514946,321514946,MT5,Lot Rebate,Standard - USD,09/10/2025,Y,-,N/A,India,Default Trader Campaign,,XM Global,https://www.youtube.com,Default,-,N,Y
321515958,321515958,MT5,Lot Rebate,Standard - USD,09/10/2025,Y,-,N/A,India,Default Trader Campaign,P387D,XM Global,,Default,-,N,Y
321519494,321519494,MT5,Lot Rebate,Standard - USD,09/10/2025,Y,-,N/A,India,Default Trader Campaign,,XM Global,https://www.youtube.com,Default,-,N,Y
321519799,321519799,MT5,Lot Rebate,Standard - USD,09/10/2025,Y,-,N/A,India,Default Trader Campaign,,XM Global,https://www.youtube.com,Default,-,N,Y
321521031,321521031,MT5,Lot Rebate,Standard - USD,09/10/2025,Y,-,N/A,India,Default Trader Campaign,P387D,XM Global,,Default,-,Y,Y
321522683,321522683,MT5,Lot Rebate,Standard - USD,09/10/2025,Y,10/10/2025,N/A,India,Default Trader Campaign,P387D,XM Global,,Default,-,N,Y
321523302,321523302,MT5,Lot Rebate,Standard - USD,09/10/2025,Y,-,N/A,India,Default Trader Campaign,,XM Global,,Default,-,N,Y
321525945,321525945,MT5,Lot Rebate,Standard - USD,10/10/2025,Y,-,N/A,India,Default Trader Campaign,,XM Global,https://www.youtube.com,Default,-,N,Y
321525945,321531472,MT5,Lot Rebate,Ultra Low Standard - USD,10/10/2025,Y,11/10/2025,N/A,India,Default Trader Campaign,,XM Global,https://www.youtube.com,Default,-,N,N
321527426,321527426,MT5,Lot Rebate,Standard - USD,10/10/2025,Y,-,N/A,India,Default Trader Campaign,P387D,XM Global,,Default,-,N,Y
321532222,321532222,MT5,Lot Rebate,Standard - USD,10/10/2025,Y,14/10/2025,N/A,India,Default Trader Campaign,P387D,XM Global,,Default,-,N,Y
321534929,321534929,MT5,Lot Rebate,Standard - USD,10/10/2025,Y,-,N/A,India,Default Trader Campaign,,XM Global,https://www.youtube.com,Default,-,N,Y
321534993,321534993,MT5,Lot Rebate,Standard - USD,10/10/2025,N,-,N/A,India,Default Trader Campaign,,XM Global,https://www.youtube.com,Default,-,N,N
321535256,321535256,MT5,Lot Rebate,Standard - USD,10/10/2025,Y,-,N/A,India,Default Trader Campaign,,XM Global,,Default,-,N,Y
321535256,321546971,MT5,Lot Rebate,Standard - USD,12/10/2025,Y,-,N/A,India,Default Trader Campaign,,XM Global,https://www.youtube.com,Default,-,N,N
321535715,321535715,MT5,Lot Rebate,Standard - USD,10/10/2025,Y,25/10/2025,N/A,India,Default Trader Campaign,,XM Global,https://www.youtube.com,Default,-,N,Y
321536151,321536151,MT5,Lot Rebate,Standard - USD,11/10/2025,Y,13/10/2025,N/A,India,Default Trader Campaign,P387D,XM Global,,Default,-,N,Y
321537300,321537300,MT5,Lot Rebate,Standard - USD,11/10/2025,Y,-,N/A,India,Default Trader Campaign,,XM Global,https://www.youtube.com,Default,-,N,Y
321537407,321537407,MT5,Lot Rebate,Standard - USD,11/10/2025,Y,-,N/A,India,Default Trader Campaign,P387D,XM Global,,Default,-,N,Y
321539705,321539705,MT5,Lot Rebate,Standard - USD,11/10/2025,N,-,N/A,India,Default Trader Campaign,,XM Global,https://www.youtube.com,Default,-,N,N
321540428,321540428,MT5,Lot Rebate,Standard - USD,11/10/2025,Y,-,N/A,India,Default Trader Campaign,P387D,XM Global,,Default,-,N,Y
321540606,321540606,MT5,Lot Rebate,Standard - USD,11/10/2025,N,-,N/A,India,Default Trader Campaign,P387D,XM Global,,Default,-,Y,Y
321541091,321541091,MT5,Lot Rebate,Standard - USD,11/10/2025,Y,-,N/A,India,Default Trader Campaign,P387D,XM Global,,Default,-,Y,Y
321542686,321542686,MT5,Lot Rebate,Standard - USD,11/10/2025,N,-,N/A,India,Default Trader Campaign,,XM Global,https://www.youtube.com,Default,-,N,Y
321543268,321543268,MT5,Lot Rebate,Standard - USD,11/10/2025,N,-,N/A,India,Default Trader Campaign,,XM Global,,Default,-,N,N
321543677,321543677,MT5,Lot Rebate,Standard - USD,11/10/2025,Y,-,N/A,India,FTSXM,FTSFX,XM Global,,Default,-,Y,Y
321546679,321546679,MT5,Lot Rebate,Standard - USD,12/10/2025,N,-,N/A,India,FTSXM,FTSFX,XM Global,,Default,-,Y,N
321547897,321547897,MT5,Lot Rebate,Standard - USD,12/10/2025,Y,13/10/2025,N/A,India,Default Trader Campaign,P387D,XM Global,,Default,-,Y,Y
321550540,321550540,MT5,Lot Rebate,Standard - USD,12/10/2025,N,-,N/A,India,Default Trader Campaign,,XM Global,https://www.youtube.com,Default,-,N,Y
321550673,321550673,MT5,Lot Rebate,Standard - USD,12/10/2025,Y,-,N/A,India,FTSXM,FTSFX,XM Global,,Default,-,N,Y
321551935,321551935,MT5,Lot Rebate,Standard - USD,12/10/2025,N,-,N/A,India,Default Trader Campaign,,XM Global,https://www.youtube.com,Default,-,N,Y
321554182,321554182,MT5,Lot Rebate,Standard - USD,12/10/2025,Y,-,N/A,India,Default Trader Campaign,P387D,XM Global,,Default,-,N,Y
321558237,321558237,MT5,Lot Rebate,Standard - USD,13/10/2025,N,-,N/A,India,Default Trader Campaign,,XM Global,https://www.youtube.com,Default,-,N,Y
321559436,321559436,MT5,Lot Rebate,Standard - USD,13/10/2025,N,-,N/A,India,Default Trader Campaign,P387D,XM Global,,Default,-,N,N
321560492,321560492,MT5,Lot Rebate,Standard - USD,13/10/2025,N,-,N/A,India,Default Trader Campaign,P387D,XM Global,,Default,-,Y,N
321560845,321560845,MT5,Lot Rebate,Standard - USD,13/10/2025,Y,14/10/2025,N/A,India,Default Trader Campaign,P387D,XM Global,,Default,-,Y,Y
321561552,321561552,MT5,Lot Rebate,Standard - USD,13/10/2025,Y,-,N/A,India,Default Trader Campaign,P387D,XM Global,,Default,-,N,Y
321562385,321562385,MT5,Lot Rebate,Standard - USD,13/10/2025,Y,-,N/A,India,Default Trader Campaign,,XM Global,https://www.youtube.com,Default,-,N,Y
321562696,88716955,MT5,Lot Rebate,Standard - USD,23/10/2025,Y,-,N/A,India,Default Trader Campaign,,XM Global,https://www.youtube.com,Default,-,N,N
321562696,321562696,MT5,Lot Rebate,Standard - USD,13/10/2025,Y,14/10/2025,N/A,India,Default Trader Campaign,P387D,XM Global,,Default,-,Y,Y
321563110,321563110,MT5,Lot Rebate,Standard - USD,13/10/2025,N,-,N/A,India,FTSXM,FTSFX,XM Global,,Default,-,N,Y
321565621,321565621,MT5,Lot Rebate,Standard - USD,13/10/2025,N,-,N/A,India,FTSXM,FTSFX,XM Global,,Default,-,Y,Y
321567280,321567280,MT5,Lot Rebate,Standard - USD,13/10/2025,Y,-,N/A,India,Default Trader Campaign,P387D,XM Global,,Default,-,Y,Y
321567360,321567360,MT5,Lot Rebate,Standard - USD,13/10/2025,N,-,N/A,India,FTSXM,FTSFX,XM Global,,Default,-,N,Y
321568962,321568962,MT5,Lot Rebate,Standard - USD,14/10/2025,Y,-,N/A,India,Default Trader Campaign,P387D,XM Global,,Default,-,Y,Y
321569045,321569045,MT5,Lot Rebate,Standard - USD,14/10/2025,N,-,N/A,India,FTSXM,FTSFX,XM Global,,Default,-,N,Y
321569407,321569407,MT5,Lot Rebate,Standard - USD,14/10/2025,N,-,N/A,India,Default Trader Campaign,,XM Global,,Default,-,N,N
321570132,321570132,MT5,Lot Rebate,Standard - USD,14/10/2025,N,-,N/A,India,Default Trader Campaign,,XM Global,,Default,-,N,N
321572365,321572365,MT5,Lot Rebate,Standard - USD,14/10/2025,N,-,N/A,India,Default Trader Campaign,P387D,XM Global,,Default,-,N,N
321574477,321574477,MT5,Lot Rebate,Standard - USD,14/10/2025,N,-,N/A,India,Default Trader Campaign,P387D,XM Global,,Default,-,N,Y
321577164,321577164,MT5,Lot Rebate,Standard - USD,14/10/2025,Y,15/10/2025,N/A,India,Default Trader Campaign,,XM Global,https://www.youtube.com,Default,-,N,Y
321580171,321580171,MT5,Lot Rebate,Standard - USD,15/10/2025,Y,-,N/A,India,Default Trader Campaign,P387D,XM Global,,Default,-,N,Y
321582976,321582976,MT5,Lot Rebate,Standard - USD,15/10/2025,Y,16/10/2025,N/A,India,Default Trader Campaign,,XM Global,,Default,-,N,Y
321586432,321586432,MT5,Lot Rebate,Standard - USD,15/10/2025,Y,-,N/A,India,Default Trader Campaign,P387D,XM Global,,Default,-,N,Y
331209608,85873824,MT5,Lot Rebate,Ultra Low Standard - USD,15/10/2025,Y,23/10/2025,N/A,Bangladesh,Default Trader Campaign,,XM Global,https://www.youtube.com,Default,-,N,N
331661422,331661422,MT5,Lot Rebate,Standard - USD,29/10/2025,Y,-,N/A,India,Default Trader Campaign,,XM Global,https://www.youtube.com,Default,-,N,Y
331665157,331665157,MT5,Lot Rebate,Standard - USD,29/10/2025,Y,-,N/A,India,Default Trader Campaign,P387D,XM Global,,Default,-,N,Y
331666420,331666420,MT5,Lot Rebate,Standard - USD,29/10/2025,Y,-,N/A,India,Default Trader Campaign,,XM Global,https://bit.ly,Default,-,N,Y
331667242,331667242,MT5,Lot Rebate,Standard - USD,29/10/2025,N,-,N/A,India,Default Trader Campaign,,XM Global,https://www.youtube.com,Default,-,N,Y
331669324,331669324,MT5,Lot Rebate,Standard - USD,29/10/2025,Y,31/10/2025,N/A,India,Default Trader Campaign,P387D,XM Global,,Default,-,N,Y
331671085,331671085,MT5,Lot Rebate,Standard - USD,29/10/2025,Y,-,N/A,India,Default Trader Campaign,P387D,XM Global,,Default,-,N,Y
331672406,331672406,MT5,Lot Rebate,Standard - USD,30/10/2025,N,-,N/A,India,Default Trader Campaign,,XM Global,https://www.youtube.com,Default,-,N,N
331672502,331672502,MT5,Lot Rebate,Standard - USD,30/10/2025,N,-,N/A,India,Default Trader Campaign,,XM Global,https://www.youtube.com,Default,-,N,N
331672503,331672503,MT5,Lot Rebate,Standard - USD,30/10/2025,N,-,N/A,India,Default Trader Campaign,,XM Global,https://www.youtube.com,Default,-,N,Y
331672848,331672848,MT5,Lot Rebate,Standard - USD,30/10/2025,Y,-,N/A,India,FTSXM,FTSFX,XM Global,,Default,-,N,Y
331672963,331672963,MT5,Lot Rebate,Standard - USD,30/10/2025,Y,-,N/A,India,Default Trader Campaign,,XM Global,https://www.youtube.com,Default,-,N,Y
331673249,331673249,MT5,Lot Rebate,Standard - USD,30/10/2025,N,-,N/A,India,FTSXM,FTSFX,XM Global,,Default,-,N,N
331675926,331675926,MT5,Lot Rebate,Standard - USD,30/10/2025,N,-,N/A,India,Default Trader Campaign,,XM Global,https://www.youtube.com,Default,-,N,Y
331676251,331676251,MT5,Lot Rebate,Standard - USD,30/10/2025,N,-,N/A,India,Default Trader Campaign,,XM Global,https://www.youtube.com,Default,-,N,Y
331676549,331676549,MT5,Lot Rebate,Standard - USD,30/10/2025,Y,-,N/A,India,Default Trader Campaign,P387D,XM Global,,Default,-,N,Y
331679879,331679879,MT5,Lot Rebate,Standard - USD,30/10/2025,Y,-,N/A,India,Default Trader Campaign,P387D,XM Global,,Default,-,N,Y
331680269,331680269,MT5,Lot Rebate,Standard - USD,30/10/2025,Y,-,N/A,India,Default Trader Campaign,,XM Global,,Default,-,N,Y
331681428,331681428,MT5,Lot Rebate,Standard - USD,30/10/2025,N,-,N/A,India,Default Trader Campaign,,XM Global,https://www.youtube.com,Default,-,N,N
331682601,331682601,MT5,Lot Rebate,Standard - USD,31/10/2025,Y,-,N/A,India,Default Trader Campaign,,XM Global,https://www.youtube.com,Default,-,N,Y
331685400,331685400,MT5,Lot Rebate,Standard - USD,31/10/2025,Y,-,N/A,India,Default Trader Campaign,,XM Global,,Default,-,N,Y
331685589,331685589,MT5,Lot Rebate,Standard - USD,31/10/2025,Y,-,N/A,India,Default Trader Campaign,P387D,XM Global,,Default,-,N,Y
331690009,331690009,MT5,Lot Rebate,Standard - USD,31/10/2025,Y,05/11/2025,N/A,India,Default Trader Campaign,,XM Global,https://www.youtube.com,Default,-,N,Y
331693629,331693629,MT5,Lot Rebate,Standard - USD,01/11/2025,Y,-,N/A,India,Default Trader Campaign,P387D,XM Global,,Default,-,N,Y
331695621,331695621,MT5,Lot Rebate,Standard - USD,01/11/2025,Y,-,N/A,India,Default Trader Campaign,P387D,XM Global,,Default,-,N,Y
331699144,331699144,MT5,Lot Rebate,Standard - USD,01/11/2025,Y,01/11/2025,N/A,India,Default Trader Campaign,,XM Global,https://www.youtube.com,Default,-,N,Y
331699560,331699560,MT5,Lot Rebate,Standard - USD,01/11/2025,N,-,N/A,India,Default Trader Campaign,,XM Global,https://www.youtube.com,Default,-,N,N
331699914,331699914,MT5,Lot Rebate,Standard - USD,01/11/2025,Y,-,N/A,India,Default Trader Campaign,P387D,XM Global,,Default,-,N,Y
331700705,331700705,MT5,Lot Rebate,Standard - USD,01/11/2025,Y,-,N/A,India,Default Trader Campaign,P387D,XM Global,,Default,-,N,Y
331700705,331700761,MT5,Lot Rebate,Ultra Low Standard - USD,01/11/2025,Y,-,N/A,India,Default Trader Campaign,P387D,XM Global,,Default,-,N,N
331701289,331701289,MT5,Lot Rebate,Standard - USD,02/11/2025,Y,-,N/A,India,Default Trader Campaign,,XM Global,https://www.youtube.com,Default,-,N,Y
331702920,331702920,MT5,Lot Rebate,Standard - USD,02/11/2025,N,-,N/A,India,Default Trader Campaign,,XM Global,https://www.youtube.com,Default,-,N,N
331703695,331703695,MT5,Lot Rebate,Standard - USD,02/11/2025,Y,-,N/A,India,Default Trader Campaign,,XM Global,https://www.youtube.com,Default,-,N,Y
331705499,331705499,MT5,Lot Rebate,Standard - USD,02/11/2025,Y,-,N/A,India,Default Trader Campaign,P387D,XM Global,,Default,-,N,Y
331708561,331708561,MT5,Lot Rebate,Standard - USD,02/11/2025,N,-,N/A,India,Default Trader Campaign,P387D,XM Global,,Default,-,N,Y
331708682,331708682,MT5,Lot Rebate,Standard - USD,02/11/2025,Y,-,N/A,India,FTSXM,FTSFX,XM Global,,Default,-,N,Y
331713281,331713281,MT5,Lot Rebate,Standard - USD,03/11/2025,N,-,N/A,India,Default Trader Campaign,P387D,XM Global,,Default,-,N,N
331714273,331714273,MT5,Lot Rebate,Standard - USD,03/11/2025,N,-,N/A,India,FTSXM,FTSFX,XM Global,,Default,-,N,N
331714433,331714433,MT5,Lot Rebate,Standard - USD,03/11/2025,Y,-,N/A,India,Default Trader Campaign,P387D,XM Global,,Default,-,N,Y
331714497,331714497,MT5,Lot Rebate,Standard - USD,03/11/2025,Y,-,N/A,India,Default Trader Campaign,P387D,XM Global,,Default,-,Y,Y
331716330,331716330,MT5,Lot Rebate,Standard - USD,03/11/2025,N,-,N/A,India,Default Trader Campaign,,XM Global,https://www.youtube.com,Default,-,N,Y
331716823,331716823,MT5,Lot Rebate,Standard - USD,03/11/2025,N,-,N/A,India,Default Trader Campaign,,XM Global,https://www.youtube.com,Default,-,N,Y
331717693,331717693,MT5,Lot Rebate,Standard - USD,03/11/2025,N,-,N/A,India,Default Trader Campaign,P387D,XM Global,,Default,-,N,N
331718183,331718183,MT5,Lot Rebate,Standard - USD,03/11/2025,N,-,N/A,India,Default Trader Campaign,,XM Global,https://www.youtube.com,Default,-,N,Y
331718954,331718954,MT5,Lot Rebate,Standard - USD,03/11/2025,N,-,N/A,India,Default Trader Campaign,,XM Global,,Default,-,N,Y
331721579,331721579,MT5,Lot Rebate,Standard - USD,04/11/2025,N,-,N/A,India,Default Trader Campaign,P387D,XM Global,,Default,-,N,N
331722427,331722427,MT5,Lot Rebate,Standard - USD,04/11/2025,N,-,N/A,India,Default Trader Campaign,,XM Global,https://bit.ly,Default,-,N,Y
331722820,331722820,MT5,Lot Rebate,Standard - USD,04/11/2025,N,-,N/A,India,Default Trader Campaign,P387D,XM Global,,Default,-,N,Y
331723033,331723033,MT5,Lot Rebate,Standard - USD,04/11/2025,N,-,N/A,India,Default Trader Campaign,,XM Global,https://www.youtube.com,Default,-,N,Y
331723718,331723718,MT5,Lot Rebate,Standard - USD,04/11/2025,Y,06/11/2025,N/A,India,FTSXM,FTSFX,XM Global,,Default,-,N,Y
331724138,331724138,MT5,Lot Rebate,Standard - USD,04/11/2025,N,-,N/A,India,Default Trader Campaign,,XM Global,https://www.youtube.com,Default,-,N,N
331725114,331725114,MT5,Lot Rebate,Standard - USD,04/11/2025,Y,-,N/A,India,Default Trader Campaign,,XM Global,https://www.youtube.com,Default,-,N,Y
331725548,331725548,MT5,Lot Rebate,Standard - USD,04/11/2025,Y,-,N/A,India,Default Trader Campaign,,XM Global,https://www.youtube.com,Default,-,N,Y
331727320,331727320,MT5,Lot Rebate,Standard - USD,04/11/2025,N,-,N/A,India,Default Trader Campaign,P387D,XM Global,,Default,-,N,N
331727607,331727607,MT5,Lot Rebate,Standard - USD,04/11/2025,Y,-,N/A,India,Default Trader Campaign,P387D,XM Global,,Default,-,N,Y
331729447,331729447,MT5,Lot Rebate,Standard - USD,04/11/2025,Y,-,N/A,India,Default Trader Campaign,P387D,XM Global,,Default,-,N,Y
331730033,331730033,MT5,Lot Rebate,Standard - USD,04/11/2025,N,-,N/A,India,Default Trader Campaign,,XM Global,https://www.youtube.com,Default,-,N,N
331732079,331732079,MT5,Lot Rebate,Standard - USD,04/11/2025,N,-,N/A,India,Default Trader Campaign,P387D,XM Global,,Default,-,N,Y
331734377,331734377,MT5,Lot Rebate,Standard - USD,05/11/2025,Y,10/11/2025,N/A,India,FTSXM,FTSFX,XM Global,,Default,-,N,Y
331735161,331735161,MT5,Lot Rebate,Standard - USD,05/11/2025,N,-,N/A,India,Default Trader Campaign,,XM Global,https://t.me,Default,-,N,Y
331735363,331735363,MT5,Lot Rebate,Standard - USD,05/11/2025,Y,-,N/A,India,Default Trader Campaign,P387D,XM Global,,Default,-,N,Y
331735363,331735469,MT5,Lot Rebate,Ultra Low Standard - USD,05/11/2025,Y,05/11/2025,N/A,India,Default Trader Campaign,,XM Global,https://www.youtube.com,Default,-,N,N
331736240,331736240,MT5,Lot Rebate,Standard - USD,05/11/2025,Y,-,N/A,India,Default Trader Campaign,P387D,XM Global,,Default,-,N,Y
331738403,331738403,MT5,Lot Rebate,Standard - USD,05/11/2025,N,-,N/A,India,Default Trader Campaign,,XM Global,https://www.youtube.com,Default,-,N,Y
331738867,331738867,MT5,Lot Rebate,Standard - USD,05/11/2025,Y,-,N/A,India,Default Trader Campaign,,XM Global,https://www.youtube.com,Default,-,N,Y
331739023,331739023,MT5,Lot Rebate,Standard - USD,05/11/2025,N,-,N/A,India,Default Trader Campaign,,XM Global,https://www.youtube.com,Default,-,N,Y
331739398,331739398,MT5,Lot Rebate,Standard - USD,05/11/2025,Y,-,N/A,India,Default Trader Campaign,,XM Global,,Default,-,N,Y
331739848,331739848,MT5,Lot Rebate,Standard - USD,05/11/2025,N,-,N/A,India,Default Trader Campaign,P387D,XM Global,,Default,-,N,N
331740321,331740321,MT5,Lot Rebate,Standard - USD,05/11/2025,Y,-,N/A,India,Default Trader Campaign,,XM Global,https://www.youtube.com,Default,-,N,Y
331741027,331741027,MT5,Lot Rebate,Standard - USD,05/11/2025,N,-,N/A,India,Default Trader Campaign,,XM Global,https://www.youtube.com,Default,-,N,Y
331743124,331743124,MT5,Lot Rebate,Standard - USD,05/11/2025,Y,07/11/2025,N/A,India,Default Trader Campaign,,XM Global,https://www.youtube.com,Default,-,N,Y
331743311,331743311,MT5,Lot Rebate,Standard - USD,05/11/2025,N,-,N/A,India,FTSXM,FTSFX,XM Global,,Default,-,Y,Y
331747934,331747934,MT5,Lot Rebate,Standard - USD,06/11/2025,N,-,N/A,India,Default Trader Campaign,P387D,XM Global,,Default,-,N,Y
331748186,331748186,MT5,Lot Rebate,Standard - USD,06/11/2025,Y,-,N/A,India,Default Trader Campaign,P387D,XM Global,,Default,-,N,Y
331748240,331748240,MT5,Lot Rebate,Standard - USD,06/11/2025,Y,-,N/A,India,Default Trader Campaign,P387D,XM Global,,Default,-,N,Y
331749263,331749263,MT5,Lot Rebate,Standard - USD,06/11/2025,Y,06/11/2025,N/A,India,Default Trader Campaign,,XM Global,https://www.youtube.com,Default,-,N,Y
331749890,331749890,MT5,Lot Rebate,Standard - USD,06/11/2025,N,-,N/A,India,Default Trader Campaign,,XM Global,https://www.youtube.com,Default,-,N,N
331753611,331753611,MT5,Lot Rebate,Standard - USD,06/11/2025,Y,-,N/A,India,FTSXM,FTSFX,XM Global,,Default,-,N,Y
331753862,331753862,MT5,Lot Rebate,Standard - USD,06/11/2025,N,-,N/A,India,Default Trader Campaign,,XM Global,https://www.youtube.com,Default,-,N,N
331754705,331754705,MT5,Lot Rebate,Standard - USD,06/11/2025,Y,06/11/2025,N/A,India,Default Trader Campaign,P387D,XM Global,,Default,-,N,Y
331758981,331758981,MT5,Lot Rebate,Standard - USD,07/11/2025,Y,-,N/A,India,Default Trader Campaign,P387D,XM Global,,Default,-,N,Y
331762079,331762079,MT5,Lot Rebate,Standard - USD,07/11/2025,N,-,N/A,India,Default Trader Campaign,,XM Global,,Default,-,N,Y
331762227,331762227,MT5,Lot Rebate,Standard - USD,07/11/2025,N,-,N/A,India,Default Trader Campaign,,XM Global,https://www.youtube.com,Default,-,N,N
331762259,331762259,MT5,Lot Rebate,Standard - USD,07/11/2025,Y,10/11/2025,N/A,India,FTSXM,FTSFX,XM Global,,Default,-,N,Y
331763784,331763784,MT5,Lot Rebate,Standard - USD,07/11/2025,Y,-,N/A,India,Default Trader Campaign,,XM Global,,Default,-,N,Y
331764056,331764056,MT5,Lot Rebate,Standard - USD,07/11/2025,Y,-,N/A,India,Default Trader Campaign,P387D,XM Global,,Default,-,N,Y
331764403,331764403,MT5,Lot Rebate,Standard - USD,07/11/2025,N,-,N/A,India,Default Trader Campaign,,XM Global,https://www.youtube.com,Default,-,N,Y
331764526,331764526,MT5,Lot Rebate,Standard - USD,07/11/2025,Y,-,N/A,India,Default Trader Campaign,P387D,XM Global,,Default,-,N,Y
331765564,331765564,MT5,Lot Rebate,Standard - USD,07/11/2025,N,-,N/A,India,Default Trader Campaign,,XM Global,https://www.youtube.com,Default,-,N,N
331765775,331765775,MT5,Lot Rebate,Standard - USD,07/11/2025,N,-,N/A,India,Default Trader Campaign,P387D,XM Global,,Default,-,Y,Y
331765925,331765925,MT5,Lot Rebate,Standard - USD,07/11/2025,N,-,N/A,Pakistan,FTSXM,FTSFX,XM Global,,Default,-,Y,N
331766495,331766495,MT5,Lot Rebate,Standard - USD,07/11/2025,N,-,N/A,India,Default Trader Campaign,P387D,XM Global,,Default,-,N,Y
331766631,331766631,MT5,Lot Rebate,Standard - USD,07/11/2025,Y,-,N/A,India,Default Trader Campaign,P387D,XM Global,,Default,-,N,Y
331768070,331768070,MT5,Lot Rebate,Standard - USD,07/11/2025,N,-,N/A,India,Default Trader Campaign,,XM Global,https://www.youtube.com,Default,-,N,Y
331768142,331768142,MT5,Lot Rebate,Standard - USD,07/11/2025,Y,-,N/A,India,Default Trader Campaign,,XM Global,https://www.youtube.com,Default,-,N,Y
331768142,331768411,MT5,Lot Rebate,Ultra Low Standard - USD,07/11/2025,Y,-,N/A,India,Default Trader Campaign,,XM Global,https://www.youtube.com,Default,-,N,N
331772339,331772339,MT5,Lot Rebate,Standard - USD,08/11/2025,N,-,N/A,India,Default Trader Campaign,,XM Global,https://www.youtube.com,Default,-,N,N
331773165,331773165,MT5,Lot Rebate,Standard - USD,08/11/2025,N,-,N/A,Pakistan,Default Trader Campaign,,XM Global,https://bit.ly,Default,-,N,Y
331773516,331773516,MT5,Lot Rebate,Standard - USD,08/11/2025,Y,10/11/2025,N/A,India,Default Trader Campaign,,XM Global,https://www.youtube.com,Default,-,N,Y
331773955,331773955,MT5,Lot Rebate,Standard - USD,08/11/2025,Y,-,N/A,India,Default Trader Campaign,,XM Global,,Default,-,N,Y
331773983,331773983,MT5,Lot Rebate,Standard - USD,08/11/2025,Y,-,N/A,India,Default Trader Campaign,,XM Global,https://www.youtube.com,Default,-,N,Y
331775209,331775209,MT5,Lot Rebate,Standard - USD,08/11/2025,N,-,N/A,India,Default Trader Campaign,,XM Global,,Default,-,N,Y
331775211,331775211,MT5,Lot Rebate,Standard - USD,08/11/2025,N,-,N/A,India,Default Trader Campaign,,XM Global,,Default,-,N,Y
331775710,331775710,MT5,Lot Rebate,Standard - USD,08/11/2025,Y,-,N/A,India,Default Trader Campaign,,XM Global,,Default,-,N,Y
331775895,331775895,MT5,Lot Rebate,Standard - USD,08/11/2025,N,-,N/A,India,FTSXM,FTSFX,XM Global,,Default,-,N,Y
331777012,331777012,MT5,Lot Rebate,Standard - USD,08/11/2025,Y,-,N/A,India,FTSXM,FTSFX,XM Global,,Default,-,N,Y
331777198,331777198,MT5,Lot Rebate,Standard - USD,08/11/2025,N,-,N/A,India,FTSXM,FTSFX,XM Global,,Default,-,N,Y
331777248,331777248,MT5,Lot Rebate,Standard - USD,08/11/2025,N,-,N/A,India,FTSXM,FTSFX,XM Global,,Default,-,N,Y
331777451,331777451,MT5,Lot Rebate,Standard - USD,08/11/2025,N,-,N/A,India,FTSXM,FTSFX,XM Global,,Default,-,N,Y
331777754,331777754,MT5,Lot Rebate,Standard - USD,08/11/2025,N,-,N/A,India,Default Trader Campaign,P387D,XM Global,,Default,-,Y,N
331778045,331778045,MT5,Lot Rebate,Standard - USD,08/11/2025,N,-,N/A,India,FTSXM,FTSFX,XM Global,,Default,-,N,N
331778157,331778157,MT5,Lot Rebate,Standard - USD,08/11/2025,N,-,N/A,India,FTSXM,FTSFX,XM Global,,Default,-,Y,Y
331779049,331779049,MT5,Lot Rebate,Standard - USD,09/11/2025,Y,-,N/A,India,FTSXM,FTSFX,XM Global,,Default,-,N,Y
331779303,331779303,MT5,Lot Rebate,Standard - USD,09/11/2025,N,-,N/A,India,Default Trader Campaign,,XM Global,,Default,-,N,Y
331780133,331780133,MT5,Lot Rebate,Standard - USD,09/11/2025,Y,-,N/A,India,Default Trader Campaign,P387D,XM Global,,Default,-,N,Y
331781328,331781328,MT5,Lot Rebate,Standard - USD,09/11/2025,Y,-,N/A,India,Default Trader Campaign,P387D,XM Global,,Default,-,N,Y
331782350,331782350,MT5,Lot Rebate,Standard - USD,09/11/2025,Y,-,N/A,India,Default Trader Campaign,P387D,XM Global,,Default,-,N,Y
331782706,331782706,MT5,Lot Rebate,Standard - USD,09/11/2025,Y,-,N/A,India,Default Trader Campaign,P387D,XM Global,,Default,-,N,Y
331785841,331785841,MT5,Lot Rebate,Standard - USD,09/11/2025,Y,-,N/A,India,FTSXM,FTSFX,XM Global,,Default,-,N,Y
331785915,331785915,MT5,Lot Rebate,Standard - USD,09/11/2025,N,-,N/A,India,Default Trader Campaign,,XM Global,https://www.youtube.com,Default,-,N,N
331786265,331786265,MT5,Lot Rebate,Standard - USD,09/11/2025,N,-,N/A,India,Default Trader Campaign,,XM Global,,Default,-,N,Y
331787663,331787663,MT5,Lot Rebate,Standard - USD,09/11/2025,N,-,N/A,India,Default Trader Campaign,,XM Global,,Default,-,N,Y
331788287,331788287,MT5,Lot Rebate,Standard - USD,10/11/2025,N,-,N/A,India,Default Trader Campaign,,XM Global,https://www.youtube.com,Default,-,N,N
331789038,331789038,MT5,Lot Rebate,Standard - USD,10/11/2025,Y,-,N/A,India,FTSXM,FTSFX,XM Global,,Default,-,N,Y
331789313,331789313,MT5,Lot Rebate,Standard - USD,10/11/2025,N,-,N/A,India,FTSXM,FTSFX,XM Global,,Default,-,N,Y
331789715,331789715,MT5,Lot Rebate,Standard - USD,10/11/2025,N,-,N/A,India,Default Trader Campaign,,XM Global,https://www.youtube.com,Default,-,N,N
331792345,331792345,MT5,Lot Rebate,Standard - USD,10/11/2025,N,-,N/A,India,Default Trader Campaign,,XM Global,https://www.youtube.com,Default,-,N,Y
331792742,331792742,MT5,Lot Rebate,Standard - USD,10/11/2025,Y,10/11/2025,N/A,India,Default Trader Campaign,,XM Global,https://www.youtube.com,Default,-,N,Y
331793071,331793071,MT5,Lot Rebate,Standard - USD,10/11/2025,Y,-,N/A,India,Default Trader Campaign,,XM Global,https://www.youtube.com,Default,-,N,Y
331793470,331793470,MT5,Lot Rebate,Standard - USD,10/11/2025,Y,10/11/2025,N/A,India,Default Trader Campaign,,XM Global,https://www.youtube.com,Default,-,N,Y
331794996,331794996,MT5,Lot Rebate,Standard - USD,10/11/2025,N,-,N/A,India,Default Trader Campaign,P387D,XM Global,,Default,-,N,Y
331798907,331798907,MT5,Lot Rebate,Standard - USD,10/11/2025,N,-,N/A,India,Default Trader Campaign,,XM Global,,Default,-,N,Y
331799145,331799145,MT5,Lot Rebate,Standard - USD,10/11/2025,Y,-,N/A,India,Default Trader Campaign,,XM Global,https://www.youtube.com,Default,-,N,Y
331802383,331802383,MT5,Lot Rebate,Standard - USD,11/11/2025,N,-,N/A,India,Default Trader Campaign,,XM Global,https://www.youtube.com,Default,-,N,Y
331802505,331802505,MT5,Lot Rebate,Standard - USD,11/11/2025,N,-,N/A,India,Default Trader Campaign,,XM Global,https://www.youtube.com,Default,-,N,N
331804393,331804393,MT5,Lot Rebate,Standard - USD,11/11/2025,N,-,N/A,India,Default Trader Campaign,,XM Global,,Default,-,N,Y
331809877,331809877,MT5,Lot Rebate,Standard - USD,11/11/2025,N,-,N/A,India,Default Trader Campaign,,XM Global,https://www.youtube.com,Default,-,N,N
331810767,331810767,MT5,Lot Rebate,Standard - USD,11/11/2025,Y,-,N/A,India,Default Trader Campaign,,XM Global,https://www.youtube.com,Default,-,N,Y
331811193,331811193,MT5,Lot Rebate, - ,11/11/2025,N,-,N/A,,Default Trader Campaign,,XM Global,https://www.youtube.com,Default,-,N,Y
331812307,331812307,MT5,Lot Rebate, - ,11/11/2025,Y,-,N/A,,Default Trader Campaign,,XM Global,https://www.youtube.com,Default,-,N,Y
351423902,321478168,MT5,Lot Rebate,Standard - USD,05/10/2025,Y,06/11/2025,N/A,India,Default Trader Campaign,P387D,XM Global,,Default,-,N,N
351440245,351781882,MT5,Lot Rebate,Standard - USD,27/10/2025,Y,27/10/2025,N/A,India,Default Trader Campaign,P387D,XM Global,,Default,-,N,N
351448241,351766256,MT5,Lot Rebate,Standard - USD,25/10/2025,Y,-,N/A,India,Default Trader Campaign,P387D,XM Global,,Default,-,N,N
351450411,331717227,MT5,Lot Rebate,Standard - USD,03/11/2025,N,-,N/A,India,Default Trader Campaign,,XM Global,https://www.youtube.com,Default,-,N,N
351528788,321551059,MT5,Lot Rebate,Ultra Low Standard - USD,12/10/2025,N,-,N/A,India,Default Trader Campaign,,XM Global,https://www.youtube.com,Default,-,N,N
351676954,351676954,MT5,Lot Rebate,Standard - USD,15/10/2025,N,-,N/A,India,Default Trader Campaign,,XM Global,https://bit.ly,Default,-,N,Y
351679676,351679676,MT5,Lot Rebate,Standard - USD,16/10/2025,N,-,N/A,India,Default Trader Campaign,P387D,XM Global,,Default,-,Y,N
351680565,351680565,MT5,Lot Rebate,Standard - USD,16/10/2025,N,-,N/A,India,Default Trader Campaign,,XM Global,https://www.youtube.com,Default,-,N,Y
351680726,351680726,MT5,Lot Rebate,Standard - USD,16/10/2025,N,-,N/A,India,Default Trader Campaign,P387D,XM Global,,Default,-,Y,N
351681841,351681841,MT5,Lot Rebate,Standard - USD,16/10/2025,N,-,N/A,India,Default Trader Campaign,P387D,XM Global,,Default,-,N,Y
351683940,351683940,MT5,Lot Rebate,Standard - USD,16/10/2025,Y,-,N/A,India,Default Trader Campaign,,XM Global,,Default,-,N,Y
351684705,351684705,MT5,Lot Rebate,Standard - USD,16/10/2025,N,-,N/A,India,Default Trader Campaign,,XM Global,https://www.youtube.com,Default,-,N,Y
351684870,351684870,MT5,Lot Rebate,Standard - USD,16/10/2025,Y,-,N/A,India,Default Trader Campaign,P387D,XM Global,,Default,-,Y,Y
351684899,351684899,MT5,Lot Rebate,Standard - USD,16/10/2025,N,-,N/A,India,Default Trader Campaign,,XM Global,https://www.youtube.com,Default,-,N,N
351684957,351684957,MT5,Lot Rebate,Standard - USD,16/10/2025,Y,18/10/2025,N/A,India,Default Trader Campaign,P387D,XM Global,,Default,-,Y,Y
351685014,351685014,MT5,Lot Rebate,Standard - USD,16/10/2025,Y,-,N/A,India,Default Trader Campaign,,XM Global,https://bit.ly,Default,-,N,Y
351685018,351685018,MT5,Lot Rebate,Standard - USD,16/10/2025,Y,-,N/A,India,Default Trader Campaign,,XM Global,https://www.youtube.com,Default,-,N,Y
351685210,351685210,MT5,Lot Rebate,Standard - USD,16/10/2025,Y,-,N/A,India,Default Trader Campaign,,XM Global,https://bit.ly,Default,-,N,Y
351686516,351692841,MT5,Lot Rebate,Ultra Low Standard - USD,17/10/2025,Y,-,N/A,India,Default Trader Campaign,,XM Global,https://www.youtube.com,Default,-,N,N
351687816,351687816,MT5,Lot Rebate,Standard - USD,16/10/2025,N,-,N/A,India,Default Trader Campaign,,XM Global,https://www.youtube.com,Default,-,N,N
351688112,351688112,MT5,Lot Rebate,Standard - USD,16/10/2025,Y,-,N/A,India,Default Trader Campaign,,XM Global,,Default,-,N,Y
351688172,351688172,MT5,Lot Rebate,Standard - USD,16/10/2025,N,-,N/A,India,Default Trader Campaign,,XM Global,https://www.youtube.com,Default,-,N,Y
351691019,351691019,MT5,Lot Rebate,Standard - USD,17/10/2025,N,-,N/A,India,Default Trader Campaign,,XM Global,https://www.youtube.com,Default,-,N,N
351691568,351691568,MT5,Lot Rebate,Standard - USD,17/10/2025,N,-,N/A,India,Default Trader Campaign,P387D,XM Global,,Default,-,N,Y
351692343,351692343,MT5,Lot Rebate,Standard - USD,17/10/2025,Y,-,N/A,India,Default Trader Campaign,,XM Global,https://www.youtube.com,Default,-,N,Y
351692418,351692418,MT5,Lot Rebate,Standard - USD,17/10/2025,Y,17/10/2025,N/A,India,Default Trader Campaign,,XM Global,https://www.youtube.com,Default,-,N,Y
351696466,351696466,MT5,Lot Rebate,Standard - USD,17/10/2025,Y,21/10/2025,N/A,India,Default Trader Campaign,P387D,XM Global,,Default,-,N,Y
351696479,351696479,MT5,Lot Rebate,Standard - USD,17/10/2025,Y,-,N/A,India,Default Trader Campaign,,XM Global,https://www.youtube.com,Default,-,N,Y
351699568,351699568,MT5,Lot Rebate,Standard - USD,17/10/2025,Y,-,N/A,India,Default Trader Campaign,P387D,XM Global,,Default,-,N,Y
351699695,351699695,MT5,Lot Rebate,Standard - USD,17/10/2025,N,-,N/A,India,Default Trader Campaign,,XM Global,https://www.youtube.com,Default,-,N,Y
351700873,351700873,MT5,Lot Rebate,Standard - USD,18/10/2025,N,-,N/A,India,Default Trader Campaign,P387D,XM Global,,Default,-,N,N
351702016,351703356,MT5,Lot Rebate,Ultra Low Standard - USD,18/10/2025,Y,-,N/A,India,Default Trader Campaign,,XM Global,https://www.youtube.com,Default,-,N,N
351702147,351702147,MT5,Lot Rebate,Standard - USD,18/10/2025,Y,20/10/2025,N/A,India,Default Trader Campaign,P387D,XM Global,,Default,-,N,Y
351703323,351703323,MT5,Lot Rebate,Standard - USD,18/10/2025,Y,19/10/2025,N/A,India,Default Trader Campaign,P387D,XM Global,,Default,-,N,Y
351704508,351704508,MT5,Lot Rebate,Standard - USD,18/10/2025,N,-,N/A,India,Default Trader Campaign,,XM Global,,Default,-,N,N
351705470,351705470,MT5,Lot Rebate,Standard - USD,18/10/2025,N,-,N/A,India,Default Trader Campaign,,XM Global,https://free.fearlesstradershivam.in,Default,-,N,Y
351705990,351705990,MT5,Lot Rebate,Standard - USD,18/10/2025,Y,-,N/A,India,Default Trader Campaign,,XM Global,https://www.youtube.com,Default,-,N,Y
351706380,351706380,MT5,Lot Rebate,Standard - USD,18/10/2025,Y,-,N/A,India,Default Trader Campaign,,XM Global,https://bit.ly,Default,-,N,Y
351707728,351707728,MT5,Lot Rebate,Standard - USD,18/10/2025,N,-,N/A,India,Default Trader Campaign,P387D,XM Global,,Default,-,N,N
351708845,351708845,MT5,Lot Rebate,Standard - USD,18/10/2025,Y,-,N/A,India,Default Trader Campaign,,XM Global,https://www.youtube.com,Default,-,N,Y
351708864,351708864,MT5,Lot Rebate,Standard - USD,18/10/2025,N,-,N/A,India,Default Trader Campaign,P387D,XM Global,,Default,-,N,Y
351709162,351709162,MT5,Lot Rebate,Standard - USD,18/10/2025,Y,-,N/A,India,FTSXM,FTSFX,XM Global,,Default,-,Y,Y
351710196,351710196,MT5,Lot Rebate,Standard - USD,19/10/2025,Y,-,N/A,India,Default Trader Campaign,,XM Global,https://www.youtube.com,Default,-,N,Y
351711617,351711617,MT5,Lot Rebate,Standard - USD,19/10/2025,Y,-,N/A,India,Default Trader Campaign,P387D,XM Global,,Default,-,N,Y
351711752,351711752,MT5,Lot Rebate,Standard - USD,19/10/2025,N,-,N/A,India,Default Trader Campaign,,XM Global,,Default,-,N,Y
351712102,351712102,MT5,Lot Rebate,Standard - USD,19/10/2025,N,-,N/A,India,Default Trader Campaign,,XM Global,,Default,-,N,N
351712889,351712889,MT5,Lot Rebate,Standard - USD,19/10/2025,Y,-,N/A,India,Default Trader Campaign,,XM Global,https://bit.ly,Default,-,N,Y
351713404,351713404,MT5,Lot Rebate,Standard - USD,19/10/2025,Y,-,N/A,India,Default Trader Campaign,,XM Global,https://www.youtube.com,Default,-,N,Y
351713939,351713939,MT5,Lot Rebate,Standard - USD,19/10/2025,Y,-,N/A,India,Default Trader Campaign,P387D,XM Global,,Default,-,N,Y
351714613,351714613,MT5,Lot Rebate,Standard - USD,19/10/2025,Y,23/10/2025,N/A,India,FTSXM,FTSFX,XM Global,,Default,-,N,Y
351714613,351738999,MT5,Lot Rebate,Ultra Low Standard - USD,22/10/2025,Y,23/10/2025,N/A,India,Default Trader Campaign,,XM Global,,Default,-,N,N
351716220,351716220,MT5,Lot Rebate,Standard - USD,19/10/2025,N,-,N/A,India,Default Trader Campaign,P387D,XM Global,,Default,-,N,Y
351719170,351719170,MT5,Lot Rebate,Standard - USD,20/10/2025,Y,-,N/A,India,Default Trader Campaign,,XM Global,https://www.youtube.com,Default,-,N,Y
351719964,351719964,MT5,Lot Rebate,Standard - USD,20/10/2025,N,-,N/A,India,Default Trader Campaign,P387D,XM Global,,Default,-,N,Y
351721835,351721835,MT5,Lot Rebate,Standard - USD,20/10/2025,N,-,N/A,India,Default Trader Campaign,,XM Global,https://www.youtube.com,Default,-,N,N
351722071,351722071,MT5,Lot Rebate,Standard - USD,20/10/2025,Y,20/10/2025,N/A,India,Default Trader Campaign,,XM Global,,Default,-,N,Y
351723129,351723129,MT5,Lot Rebate,Standard - USD,20/10/2025,Y,-,N/A,India,FTSXM,FTSFX,XM Global,,Default,-,N,Y
351725703,351725703,MT5,Lot Rebate,Standard - USD,20/10/2025,Y,-,N/A,India,FTSXM,FTSFX,XM Global,,Default,-,N,Y
351726450,351726450,MT5,Lot Rebate,Standard - USD,20/10/2025,Y,-,N/A,India,Default Trader Campaign,,XM Global,,Default,-,N,Y
351726624,351726624,MT5,Lot Rebate,Standard - USD,20/10/2025,Y,-,N/A,India,Default Trader Campaign,,XM Global,https://www.youtube.com,Default,-,N,Y
351727750,351727750,MT5,Lot Rebate,Standard - USD,21/10/2025,Y,-,N/A,India,Default Trader Campaign,,XM Global,https://www.youtube.com,Default,-,N,Y
351729885,351729885,MT5,Lot Rebate,Standard - USD,21/10/2025,Y,-,N/A,India,Default Trader Campaign,,XM Global,https://www.youtube.com,Default,-,N,Y
351730029,351730029,MT5,Lot Rebate,Standard - USD,21/10/2025,N,-,N/A,India,Default Trader Campaign,P387D,XM Global,,Default,-,N,Y
351733753,351733753,MT5,Lot Rebate,Standard - USD,21/10/2025,N,-,N/A,India,Default Trader Campaign,,XM Global,https://www.youtube.com,Default,-,N,Y
351734264,351734264,MT5,Lot Rebate,Standard - USD,21/10/2025,Y,23/10/2025,N/A,India,Default Trader Campaign,P387D,XM Global,,Default,-,N,Y
351734264,351755160,MT5,Lot Rebate,Standard - USD,23/10/2025,Y,-,N/A,India,Default Trader Campaign,P387D,XM Global,,Default,-,Y,N
351735497,351735497,MT5,Lot Rebate,Standard - USD,21/10/2025,N,-,N/A,India,Default Trader Campaign,,XM Global,https://www.youtube.com,Default,-,N,N
351735933,351735933,MT5,Lot Rebate,Standard - USD,21/10/2025,Y,-,N/A,India,Default Trader Campaign,P387D,XM Global,,Default,-,N,Y
351738672,351738672,MT5,Lot Rebate,Standard - USD,22/10/2025,Y,-,N/A,India,Default Trader Campaign,P387D,XM Global,,Default,-,N,Y
351740239,351740239,MT5,Lot Rebate,Standard - USD,22/10/2025,N,-,N/A,India,Default Trader Campaign,P387D,XM Global,,Default,-,N,Y
351740653,351740653,MT5,Lot Rebate,Standard - USD,22/10/2025,Y,-,N/A,India,Default Trader Campaign,,XM Global,https://www.youtube.com,Default,-,N,Y
351741459,331663029,MT5,Lot Rebate,Standard - USD,29/10/2025,Y,-,N/A,India,Default Trader Campaign,,XM Global,https://www.youtube.com,Default,-,N,N
351741459,351741459,MT5,Lot Rebate,Standard - USD,22/10/2025,Y,22/10/2025,N/A,India,Default Trader Campaign,P387D,XM Global,,Default,-,N,Y
351741668,351741668,MT5,Lot Rebate,Standard - USD,22/10/2025,Y,-,N/A,India,Default Trader Campaign,,XM Global,https://bit.ly,Default,-,N,Y
351742695,351742695,MT5,Lot Rebate,Standard - USD,22/10/2025,Y,-,N/A,India,Default Trader Campaign,,XM Global,https://www.youtube.com,Default,-,N,Y
351743028,351743028,MT5,Lot Rebate,Standard - USD,22/10/2025,N,-,N/A,India,Default Trader Campaign,,XM Global,https://www.youtube.com,Default,-,N,Y
351745391,351745391,MT5,Lot Rebate,Standard - USD,22/10/2025,Y,-,N/A,India,Default Trader Campaign,P387D,XM Global,,Default,-,N,Y
351746806,351746806,MT5,Lot Rebate,Standard - USD,22/10/2025,Y,27/10/2025,N/A,India,Default Trader Campaign,P387D,XM Global,,Default,-,N,Y
351747604,351747604,MT5,Lot Rebate,Standard - USD,22/10/2025,Y,-,N/A,India,Default Trader Campaign,,XM Global,,Default,-,N,Y
351747991,351747991,MT5,Lot Rebate,Standard - USD,23/10/2025,N,-,N/A,India,Default Trader Campaign,,XM Global,https://bit.ly,Default,-,N,Y
351748343,351748343,MT5,Lot Rebate,Standard - USD,23/10/2025,Y,-,N/A,India,Default Trader Campaign,P387D,XM Global,,Default,-,N,Y
351748628,351748628,MT5,Lot Rebate,Standard - USD,23/10/2025,N,-,N/A,India,Default Trader Campaign,,XM Global,https://www.youtube.com,Default,-,N,Y
351748665,351748665,MT5,Lot Rebate,Standard - USD,23/10/2025,Y,-,N/A,India,Default Trader Campaign,P387D,XM Global,,Default,-,N,Y
351750181,351750181,MT5,Lot Rebate,Standard - USD,23/10/2025,Y,-,N/A,India,Default Trader Campaign,P387D,XM Global,,Default,-,N,Y
351754984,351754984,MT5,Lot Rebate,Standard - USD,23/10/2025,Y,25/10/2025,N/A,India,Default Trader Campaign,,XM Global,https://www.youtube.com,Default,-,N,Y
351754985,351754985,MT5,Lot Rebate,Standard - USD,23/10/2025,Y,-,N/A,India,Default Trader Campaign,P387D,XM Global,,Default,-,Y,Y
351756092,351756092,MT5,Lot Rebate,Standard - USD,23/10/2025,N,-,N/A,India,Default Trader Campaign,,XM Global,,Default,-,N,N
351756908,351756908,MT5,Lot Rebate,Standard - USD,24/10/2025,Y,01/11/2025,N/A,India,Default Trader Campaign,P387D,XM Global,,Default,-,Y,Y
351757665,351757665,MT5,Lot Rebate,Standard - USD,24/10/2025,Y,-,N/A,India,Default Trader Campaign,P387D,XM Global,,Default,-,N,Y
351757665,351760056,MT5,Lot Rebate,Ultra Low Standard - USD,24/10/2025,Y,24/10/2025,N/A,India,Default Trader Campaign,P387D,XM Global,,Default,-,Y,N
351757782,351757782,MT5,Lot Rebate,Standard - USD,24/10/2025,Y,-,N/A,India,Default Trader Campaign,P387D,XM Global,,Default,-,N,Y
351759799,351759799,MT5,Lot Rebate,Standard - USD,24/10/2025,N,-,N/A,India,Default Trader Campaign,,XM Global,https://www.youtube.com,Default,-,N,N
351760023,351760023,MT5,Lot Rebate,Standard - USD,24/10/2025,N,-,N/A,India,Default Trader Campaign,,XM Global,https://www.youtube.com,Default,-,N,Y
351761448,351761448,MT5,Lot Rebate,Standard - USD,24/10/2025,N,-,N/A,India,Default Trader Campaign,P387D,XM Global,,Default,-,N,N
351761620,351761620,MT5,Lot Rebate,Standard - USD,24/10/2025,N,-,N/A,India,Default Trader Campaign,,XM Global,https://www.youtube.com,Default,-,N,Y
351761679,351761679,MT5,Lot Rebate,Standard - USD,24/10/2025,Y,26/10/2025,N/A,India,Default Trader Campaign,,XM Global,https://www.youtube.com,Default,-,N,Y
351761707,351761707,MT5,Lot Rebate,Standard - USD,24/10/2025,N,-,N/A,India,FTSXM,FTSFX,XM Global,,Default,-,N,Y
351761851,351761851,MT5,Lot Rebate,Standard - USD,24/10/2025,Y,-,N/A,India,Default Trader Campaign,P387D,XM Global,,Default,-,N,Y
351762055,351762055,MT5,Lot Rebate,Standard - USD,24/10/2025,Y,-,N/A,India,Default Trader Campaign,,XM Global,https://www.youtube.com,Default,-,N,Y
351762675,351762675,MT5,Lot Rebate,Standard - USD,24/10/2025,Y,-,N/A,India,Default Trader Campaign,P387D,XM Global,,Default,-,N,Y
351762875,351762875,MT5,Lot Rebate,Standard - USD,24/10/2025,N,-,N/A,India,Default Trader Campaign,,XM Global,https://www.youtube.com,Default,-,N,Y
351763831,351763831,MT5,Lot Rebate,Standard - USD,24/10/2025,N,-,N/A,India,Default Trader Campaign,P387D,XM Global,,Default,-,N,Y
351764165,351764165,MT5,Lot Rebate,Standard - USD,24/10/2025,Y,25/10/2025,N/A,India,Default Trader Campaign,,XM Global,,Default,-,N,Y
351764350,351764350,MT5,Lot Rebate,Standard - USD,24/10/2025,N,-,N/A,India,Default Trader Campaign,,XM Global,https://www.youtube.com,Default,-,N,Y
351765133,351765133,MT5,Lot Rebate,Standard - USD,24/10/2025,N,-,N/A,India,Default Trader Campaign,,XM Global,https://www.youtube.com,Default,-,N,N
351765918,351765918,MT5,Lot Rebate,Standard - USD,25/10/2025,Y,-,N/A,India,Default Trader Campaign,,XM Global,https://www.youtube.com,Default,-,N,Y
351766967,351766967,MT5,Lot Rebate,Standard - USD,25/10/2025,N,-,N/A,India,Default Trader Campaign,P387D,XM Global,,Default,-,N,Y
351767571,351767571,MT5,Lot Rebate,Standard - USD,25/10/2025,Y,-,N/A,India,Default Trader Campaign,P387D,XM Global,,Default,-,Y,Y
351767738,351767738,MT5,Lot Rebate,Standard - USD,25/10/2025,N,-,N/A,India,Default Trader Campaign,,XM Global,https://www.youtube.com,Default,-,N,N
351767946,351767946,MT5,Lot Rebate,Standard - USD,25/10/2025,Y,-,N/A,India,Default Trader Campaign,P387D,XM Global,,Default,-,N,Y
351769609,351769609,MT5,Lot Rebate,Standard - USD,25/10/2025,Y,-,N/A,India,Default Trader Campaign,,XM Global,https://www.youtube.com,Default,-,N,Y
351769722,351769722,MT5,Lot Rebate,Standard - USD,25/10/2025,N,-,N/A,India,Default Trader Campaign,,XM Global,https://bit.ly,Default,-,N,Y
351771975,351771975,MT5,Lot Rebate,Standard - USD,25/10/2025,N,-,N/A,India,Default Trader Campaign,,XM Global,,Default,-,N,Y
351772350,351772350,MT5,Lot Rebate,Standard - USD,25/10/2025,N,-,N/A,India,Default Trader Campaign,P387D,XM Global,,Default,-,Y,Y
351774981,351774981,MT5,Lot Rebate,Standard - USD,26/10/2025,N,-,N/A,India,Default Trader Campaign,P387D,XM Global,,Default,-,N,Y
351778157,351778157,MT5,Lot Rebate,Standard - USD,26/10/2025,N,-,N/A,India,Default Trader Campaign,,XM Global,https://www.youtube.com,Default,-,N,N
351778285,351778285,MT5,Lot Rebate,Standard - USD,26/10/2025,Y,27/10/2025,N/A,India,Default Trader Campaign,P387D,XM Global,,Default,-,N,Y
351779949,351779949,MT5,Lot Rebate,Standard - USD,26/10/2025,Y,-,N/A,India,Default Trader Campaign,P387D,XM Global,,Default,-,N,Y
351779949,351780733,MT5,Lot Rebate,Standard - USD,26/10/2025,Y,-,N/A,India,Default Trader Campaign,P387D,XM Global,,Default,-,N,N
351779949,351780841,MT5,Lot Rebate,Standard - USD,26/10/2025,Y,-,N/A,India,Default Trader Campaign,P387D,XM Global,,Default,-,N,N
351780202,351780202,MT5,Lot Rebate,Standard - USD,26/10/2025,N,-,N/A,India,Default Trader Campaign,P387D,XM Global,,Default,-,N,Y
351781895,351781895,MT5,Lot Rebate,Standard - USD,27/10/2025,Y,-,N/A,India,Default Trader Campaign,P387D,XM Global,,Default,-,N,Y
351781912,351781912,MT5,Lot Rebate,Standard - USD,27/10/2025,N,-,N/A,India,Default Trader Campaign,,XM Global,https://www.youtube.com,Default,-,N,Y
351782766,351782766,MT5,Lot Rebate,Standard - USD,27/10/2025,Y,-,N/A,India,Default Trader Campaign,,XM Global,https://www.youtube.com,Default,-,N,Y
351783629,351783629,MT5,Lot Rebate,Standard - USD,27/10/2025,Y,27/10/2025,N/A,India,Default Trader Campaign,P387D,XM Global,,Default,-,Y,Y
351788317,351788317,MT5,Lot Rebate,Standard - USD,27/10/2025,N,-,N/A,India,Default Trader Campaign,,XM Global,https://www.youtube.com,Default,-,N,N
351788363,351788363,MT5,Lot Rebate,Standard - USD,27/10/2025,Y,-,N/A,India,Default Trader Campaign,,XM Global,https://www.youtube.com,Default,-,N,Y
351792361,351792361,MT5,Lot Rebate,Standard - USD,28/10/2025,Y,29/10/2025,N/A,India,Default Trader Campaign,P387D,XM Global,,Default,-,N,Y
351792747,88725393,MT5,Lot Rebate,Standard - USD,02/11/2025,Y,-,N/A,India,Default Trader Campaign,P387D,XM Global,,Default,-,N,N
351792747,331791945,MT5,Lot Rebate,Standard - USD,10/11/2025,Y,10/11/2025,N/A,India,Default Trader Campaign,P387D,XM Global,,Default,-,Y,N
351792764,351792764,MT5,Lot Rebate,Standard - USD,28/10/2025,Y,-,N/A,India,Default Trader Campaign,,XM Global,https://www.youtube.com,Default,-,N,Y
351794161,351794161,MT5,Lot Rebate,Standard - USD,28/10/2025,Y,-,N/A,India,Default Trader Campaign,P387D,XM Global,,Default,-,N,Y
351797969,351797969,MT5,Lot Rebate,Standard - USD,28/10/2025,Y,03/11/2025,N/A,India,Default Trader Campaign,P387D,XM Global,,Default,-,N,Y
351799259,351799259,MT5,Lot Rebate,Standard - USD,28/10/2025,N,-,N/A,India,Default Trader Campaign,,XM Global,https://www.youtube.com,Default,-,N,Y
351799617,331666314,MT5,Lot Rebate,Ultra Low Standard - USD,29/10/2025,Y,29/10/2025,N/A,India,Default Trader Campaign,,XM Global,https://www.youtube.com,Default,-,N,N
351799617,351799617,MT5,Lot Rebate,Standard - USD,28/10/2025,Y,28/10/2025,N/A,India,Default Trader Campaign,,XM Global,https://www.youtube.com,Default,-,N,Y
360047304,54362178,MT4,Lot Rebate,Standard - USD,22/10/2025,N,-,N/A,India,Default Trader Campaign,,XM Global,https://www.youtube.com,Default,-,N,N
360708371,321538024,MT5,Lot Rebate,Ultra Low Standard - USD,11/10/2025,N,-,N/A,India,Default Trader Campaign,,XM Global,https://www.youtube.com,Default,-,N,N
360868887,331733557,MT5,Lot Rebate,Standard - USD,04/11/2025,Y,-,N/A,India,Default Trader Campaign,P387D,XM Global,,Default,-,Y,N
360972910,321444608,MT5,Lot Rebate,Ultra Low Standard - USD,01/10/2025,Y,01/10/2025,N/A,India,FTSXM,FTSFX,XM Global,,Default,-,Y,N
380164696,321586253,MT5,Lot Rebate,Standard - USD,15/10/2025,Y,-,N/A,India,Default Trader Campaign,,XM Global,https://www.youtube.com,Default,-,N,N
380164696,321586256,MT5,Lot Rebate,Standard - USD,15/10/2025,Y,-,N/A,India,Default Trader Campaign,,XM Global,https://www.youtube.com,Default,-,N,N
380190209,321444475,MT5,Lot Rebate,Standard - USD,01/10/2025,Y,-,N/A,India,Default Trader Campaign,,XM Global,https://www.youtube.com,Default,-,N,N
380601839,331707763,MT5,Lot Rebate,Standard - USD,02/11/2025,N,-,N/A,India,Default Trader Campaign,,XM Global,https://www.youtube.com,Default,-,N,N
381001799,331785987,MT5,Lot Rebate,Ultra Low Standard - USD,09/11/2025,Y,-,N/A,India,Default Trader Campaign,,XM Global,https://www.youtube.com,Default,-,Y,N
381017132,88730020,MT5,Lot Rebate,Standard - USD,08/11/2025,Y,-,N/A,India,Default Trader Campaign,P387D,XM Global,,Default,-,N,N
381017132,331784675,MT5,Lot Rebate,Standard - USD,09/11/2025,Y,10/11/2025,N/A,India,Default Trader Campaign,P387D,XM Global,,Default,-,Y,N
381017132,351685387,MT5,Lot Rebate,Standard - USD,16/10/2025,Y,23/10/2025,N/A,India,Default Trader Campaign,P387D,XM Global,,Default,-,Y,N
390385233,321454891,MT5,Lot Rebate,Standard - USD,02/10/2025,Y,-,N/A,India,Default Trader Campaign,P387D,XM Global,,Default,-,N,N
390702181,321554949,MT5,Lot Rebate,Standard - USD,12/10/2025,Y,-,N/A,India,Default Trader Campaign,P387D,XM Global,,Default,-,Y,N
410258244,410258244,MT5,Lot Rebate,Standard - USD,05/10/2025,N,-,N/A,Nepal,Default Trader Campaign,P387D,XM Global,,Default,-,Y,Y